{
  "fgsm": {
    "min_accuracy": 0.027987335339874134,
    "max_accuracy": 0.685142477426416,
    "min_auc": 0.00042069264133826235,
    "max_auc": 0.7037116951148048
  },
  "pgd": {
    "min_accuracy": 0.0008599460579290936,
    "max_accuracy": 0.685142477426416,
    "min_auc": 3.0318098261031917e-07,
    "max_auc": 0.7037116951148048
  }
}